{"theta_": [[-0.0115162473816, -0.00855361911039442, 1.0536197754060328, 0.5376038766022021, 0.582014787432383, -1.0921006767430663], [-1.0711006022040834, -1.066929468781011, -1.069027152182705, 0.8851468355289631, 0.8826996691721405, 0.8831199384088072], [-1.071146286031317, -1.066975243608257, -1.0690728585764078, 0.8864095680304854, 0.8849181074982236, 0.8848448294950549], [-1.0388233243954088, -1.0346935552262138, 1.0477215891258471, 0.8718473233548801, 0.8396716863495557, -1.0933957157060645], [-1.0367182689394692, 1.052034934032922, 1.0503932864816337, 0.8358388109977036, -1.0941136862048344, -1.0927534081832107], [1.0529411967700066, -0.005208180939003678, -0.008908445872042568, -1.0878455890034522, 0.5368223955155088, 0.5891041161860423], [1.0437946547674328, -1.034639250723464, -1.0367868014186372, -1.0898240265399337, 0.8707178336531904, 0.8474720828729881], [1.051420489464183, -1.032546552845839, 1.0551942870684323, -1.0886328407825778, 0.8357618873198285, -1.0915659228245003], [-0.0134616344870282, 1.055019811141167, -0.008713973761267861, 0.5881510458440683, -1.0935452572691748, 0.5353702185609267], [-1.0389084825553923, 1.0529800467203128, -1.0367519734625807, 0.8510405284440099, -1.0940031073204566, 0.8713209434064743], [1.045685040619927, 1.0510976184299279, -1.0346068574903469, -1.089560395527303, -1.0950892269994619, 0.8310750323073675], [1.0629385911060503, 1.0661949278760712, 1.0628383076888448, -1.0878985131674133, -1.0930983928587252, -1.091834128697163]], "sigma_": [[0.04222307060267332, 0.04212124908215222, 0.17608290343007635, 0.18344854610315597, 0.19177134992177308, 0.012742788880948956], [6.775607497751426e-05, 6.783417685654353e-05, 6.785915173876447e-05, 0.2553860096438984, 0.2548602173464838, 0.2550054501777978], [6.602146660787472e-05, 6.609783698060235e-05, 6.612199488938466e-05, 0.2506580165924346, 0.25048374654377287, 0.2508198502227878], [2.3330160498410546e-06, 2.368110892255949e-06, 0.1878413831484921, 0.260301034940676, 0.25383255889451706, 0.01354784996565532], [1.1721806306984265e-06, 0.1824458320855199, 0.1825246504970829, 0.24391519682249627, 0.013132117100338334, 0.013103891478722438], [0.1696123457795627, 0.040784524399454514, 0.04065618766417029, 0.012304537589153635, 0.17672654735185683, 0.1847057063295747], [0.18785436799562244, 2.3457340695130628e-06, 2.3883155921046745e-06, 0.013247545456160846, 0.25391216416908946, 0.24942043692543472], [0.17265759461831, 1.082462308676768e-06, 0.17293476263605698, 0.012598102170254564, 0.2331182877527514, 0.012586368054231134], [0.042188331398310075, 0.17649392555723378, 0.042407831548943106, 0.18996497156813064, 0.01260635416502386, 0.18164687756945036], [2.263859780389174e-06, 0.18056566005796246, 2.230721082738899e-06, 0.24426611442390414, 0.012990227654856292, 0.24841133875578172], [0.18409477893527793, 0.18431095475107315, 1.191973983821756e-06, 0.013408082520866515, 0.01336446604784984, 0.2483385521737651], [0.16216585963466743, 0.16199950313946543, 0.16185369333520866, 0.012576739928750687, 0.012554452806684204, 0.012526937268452488]], "class_prior_": [0.08385927638567768, 0.08369264096315274, 0.08290112270615926, 0.08338019954591848, 0.08231789872732197, 0.08427586494199005, 0.08323439355120915, 0.08381761753004645, 0.08415088837509634, 0.08269282842800309, 0.08348434668499656, 0.08219292216042826], "classes": [0, 1, 2, 3, 4, 5, 6, 7, 8, 9, 10, 11]}